the_geom,PMAID,GIS_AREA,GIS_LENGTH,GIS_EDT_DT,SPORTCOURT,NAME,SPORT_TYPE,COURT_ID,FACILITY_I,FACILITY_N,COURT_SIZE,RESERVED_1,RESERVED_2,RESERVED_3,LOCATION_I,SHAPE_AREA,SHAPE_LEN
"MULTIPOLYGON (((-122.35340465983788 47.636373918096744, -122.35342084729658 47.636373961045145, -122.35343093351096 47.636373498447014, -122.35344098710056 47.63637421549913, -122.3534507083089 47.63637609082195, -122.35345980728975 47.636379068501085, -122.35346801274898 47.6363830597545, -122.35347508003342 47.63638794557945, -122.35348079842545 47.636393580300776, -122.35348499742562 47.63639979591427, -122.35348755183641 47.636406407095805, -122.35348838549515 47.63641321672701, -122.35348747354482 47.636420021772416, -122.35348484317541 47.636426619333264, -122.35348057281321 47.63643281269708, -122.35347478978264 47.63643841720276, -122.35346766650983 47.63644326574658, -122.3534594153818 47.63644721376446, -122.35345028241379 47.6364501435424, -122.35344053991416 47.636451967726174, -122.35343047836508 47.63645263192589, -122.35342039776171 47.636452116337836, -122.35340420894812 47.63645207340717, -122.35340465983788 47.636373918096744)))",329,506.3825886,86.40105807,04/01/2015 12:00:00 AM +0000,0,,Basketball,,,,Half,,,,,0,0
"MULTIPOLYGON (((-122.28771818543574 47.726103520959654, -122.28772115228972 47.72604665669303, -122.28786575091902 47.726050091342245, -122.28786278422318 47.72610695561266, -122.28786027316274 47.72615509880802, -122.28771567426655 47.726151665051155, -122.28771818543574 47.726103520959654)))",4167,1364.84978922,147.87534015,06/10/2015 12:00:00 AM +0000,0,,Basketball,,,,Half,,,,,0,0
"MULTIPOLYGON (((-122.25749627586283 47.681678790723254, -122.25775279564621 47.681675479927755, -122.25775983766212 47.681812438893516, -122.25770662477902 47.681813125682496, -122.25764498386248 47.68181392139514, -122.25759408805506 47.68181457826863, -122.25752854803389 47.68181542355461, -122.25750300159774 47.681815753649474, -122.25749751473869 47.681704016807196, -122.25749627586283 47.681678790723254)))",398,3160.80015801,226.45210436,04/01/2015 12:00:00 AM +0000,0,,Basketball,,,,Full,,,,,0,0
"MULTIPOLYGON (((-122.30315141001708 47.59145211043234, -122.30319857771491 47.591305743899035, -122.3035276101139 47.59135426668694, -122.30348044329719 47.59150063335661, -122.30315141001708 47.59145211043234)))",397S,4540.75810526,275.48224741,04/01/2015 12:00:00 AM +0000,0,,Basketball,,,,Full,,,,,0,0
"MULTIPOLYGON (((-122.28293561137608 47.54722653952174, -122.28316062531566 47.547223290531846, -122.28316451766295 47.54746743119539, -122.28293948060931 47.54746907559264, -122.28293561137608 47.54722653952174)))",402,4933.64950203,288.69578061,04/01/2015 12:00:00 AM +0000,0,,Basketball,,,,Full,,,,,0,0
"MULTIPOLYGON (((-122.39745089902358 47.677638101898104, -122.39745091471352 47.67762959486709, -122.39745151073524 47.6776202782325, -122.39745443471435 47.6776111643895, -122.39745960215467 47.677602516703175, -122.39746686373033 47.67759458506782, -122.39747600960104 47.67758759868571, -122.39748677547585 47.677581759443875, -122.39749885025061 47.677577236080054, -122.39751188499784 47.67757415930683, -122.39752550304983 47.67757261803426, -122.39753931088318 47.67757265680082, -122.39755290949026 47.67757427448626, -122.39756590590959 47.677577424344, -122.39757792458101 47.67758201535203, -122.39758861819828 47.67758791484306, -122.39759767774522 47.67759495233829, -122.39760484142542 47.67760292447365, -122.39760990222747 47.67761160087657, -122.39761271390707 47.67762073082287, -122.39761319521313 47.67763005048216, -122.39761308243698 47.677638738770725, -122.39745089902358 47.677638101898104)))",3894,791.18230589,110.93434066,04/01/2015 12:00:00 AM +0000,0,,Basketball,,,,Half,,,,,0,0
"MULTIPOLYGON (((-122.32375103906858 47.71031890495611, -122.32359920378586 47.710204574807904, -122.32377751222892 47.71009670250493, -122.32392934758884 47.71021103241633, -122.32375103906858 47.71031890495611)))",4456,3301.61089255,229.91370256,04/01/2015 12:00:00 AM +0000,0,,Basketball,,,,Half,,,,,0,0
"MULTIPOLYGON (((-122.30315141001708 47.59145211043234, -122.30348044329719 47.59150063335661, -122.30343338993946 47.59164664769192, -122.30310435578039 47.591598124631716, -122.30315141001708 47.59145211043234)))",397S,4529.82736501,275.21916713,04/01/2015 12:00:00 AM +0000,0,,Basketball,,,,Full,,,,,0,0
"MULTIPOLYGON (((-122.30173780189477 47.62284479686935, -122.30175090598092 47.62298112869514, -122.3017501209554 47.62298645726178, -122.30173201168567 47.622984911664375, -122.3017145679479 47.62298127794762, -122.30169831239047 47.62297566498481, -122.30168373206119 47.62296824095124, -122.30167126381423 47.62295922828541, -122.30166128122116 47.62294889702414, -122.30165408337798 47.62293755671181, -122.30164988594387 47.622925547125604, -122.30164881467965 47.62291322809526, -122.30165090168022 47.62290096872172, -122.30165608441303 47.622889136318314, -122.30166420759194 47.62287808540523, -122.30167502783021 47.622868147087665, -122.30168822093289 47.62285961913519, -122.30170339161036 47.62285275706029, -122.30172008532195 47.6228477664627, -122.30173780189477 47.62284479686935)))",357,938.56669923,128.40549149,04/01/2015 12:00:00 AM +0000,0,,Basketball,,,,Half,,,,,0,0
"MULTIPOLYGON (((-122.3688691094307 47.66701743847004, -122.36893676102332 47.66704583052463, -122.36900060360855 47.66707799653223, -122.3690017990324 47.667078655127334, -122.36899502078542 47.66707783419224, -122.36898813494561 47.667077778433644, -122.36898132951342 47.667078489373914, -122.368974790294 47.6670799476026, -122.36896869582439 47.66708211330643, -122.36896071045437 47.66708633343704, -122.36895177672969 47.66708957197471, -122.36894215632658 47.667091734059916, -122.36893213103473 47.66709275636338, -122.36892199450348 47.66709260894094, -122.36891204364046 47.66709129611074, -122.36890256991495 47.66708885632668, -122.36889385082029 47.66708536105212, -122.36888614174596 47.6670809126666, -122.36887966849692 47.66707564146704, -122.36887462067959 47.66706970185127, -122.36887114614818 47.66706326779547, -122.36886934667395 47.6670565277584, -122.36886927496423 47.66704967916107, -122.36887093311883 47.66704292260434, -122.36887427256842 47.66703645599295, -122.36887502637464 47.66703246268542, -122.368874815438 47.66702843956717, -122.36887364529815 47.66702449228826, -122.368871546684 47.66702072450709, -122.36886857470684 47.66701723516834, -122.3688691094307 47.66701743847004)))",242,446.89485729,95.65576907,04/01/2015 12:00:00 AM +0000,0,,Basketball,,,,Half,,,,,0,0
"MULTIPOLYGON (((-122.40512067397052 47.65698293045745, -122.40512518056755 47.65669862771944, -122.40536269243131 47.656700345117464, -122.40535818846378 47.65698464784643, -122.40512067397052 47.65698293045745)))",310,6070.94747447,324.49482821,04/01/2015 12:00:00 AM +0000,0,,Basketball,,,,Full,,,,,0,0
"MULTIPOLYGON (((-122.30460532304059 47.67627853534215, -122.30467017216144 47.676413022859904, -122.30438060628386 47.67647671218027, -122.30431575647589 47.67634222361596, -122.30460532304059 47.67627853534215)))",488,3870.65105391,253.23145043,04/01/2015 12:00:00 AM +0000,0,,Basketball,,,,Full,,,,,0,0
"MULTIPOLYGON (((-122.30630342896822 47.62153776767598, -122.30624857040833 47.62153760233484, -122.30619929048521 47.62153619529121, -122.30614526904156 47.62153514285518, -122.30612096664568 47.62153531790435, -122.30611973478564 47.62153532754801, -122.30604292313849 47.62153588249587, -122.30604316329672 47.621376988164016, -122.30641123685355 47.62137734708602, -122.30640666421881 47.62153789160258, -122.30630342896822 47.62153776767598)))",373,5251.71260114,297.02489721,04/01/2015 12:00:00 AM +0000,0,,Basketball,,,,Full,,,,,0,0
"MULTIPOLYGON (((-122.28956995002977 47.61110118354703, -122.28957598397378 47.61090855904655, -122.28977205751984 47.610911992332795, -122.28976602430122 47.611104616843605, -122.28956995002977 47.61110118354703)))",371,3400.08325017,237.31793924,04/01/2015 12:00:00 AM +0000,0,,Basketball,,,,Full,,,,,0,0
"MULTIPOLYGON (((-122.29982377850713 47.684727273825345, -122.29978201100111 47.68483759020876, -122.2995841945697 47.684804838219016, -122.29962722597098 47.684692039851015, -122.29982377850713 47.684727273825345)))",499,2105.90154651,184.28097236,04/01/2015 12:00:00 AM +0000,0,,Basketball,,,,Half,,,,,0,0
"MULTIPOLYGON (((-122.29620940906587 47.53974309397918, -122.2966334482704 47.539738557266716, -122.29663731547315 47.53990431191708, -122.296213276223 47.53990884772761, -122.29620940906587 47.53974309397918)))",431,6334.20803351,330.44002314,04/01/2015 12:00:00 AM +0000,0,,Basketball,,,,Full,,,,,0,0
"MULTIPOLYGON (((-122.39782994024806 47.677552469749244, -122.39781734501788 47.67755258332707, -122.39780354182508 47.67755231770646, -122.39779000471528 47.67755047687588, -122.39777712492324 47.67754711403706, -122.39776527468658 47.67754232637905, -122.39775479648745 47.677536252269505, -122.39774599315467 47.677529067255634, -122.39773911911158 47.677520978990664, -122.39773437302306 47.6775122212325, -122.39773189205401 47.67750304708783, -122.39773174790538 47.677493721697175, -122.39773394474187 47.67748451457202, -122.39773841907196 47.677475691805746, -122.39774504158281 47.677467508383316, -122.39775362087772 47.67746020081204, -122.3977639090077 47.677453980286366, -122.39777560863743 47.677449026584185, -122.39778838163855 47.67744548287118, -122.39780185886161 47.67744345156333, -122.39781565080493 47.677442991366895, -122.39782851564534 47.677442940658636, -122.39782994024806 47.677552469749244)))",3894,791.26100119,110.93814871,04/01/2015 12:00:00 AM +0000,0,,Basketball,,,,Half,,,,,0,0
"MULTIPOLYGON (((-122.40733512307774 47.57797245365032, -122.40733550820451 47.57783030025869, -122.40756955283638 47.57783300787585, -122.4075694011976 47.57797419994336, -122.40733512307774 47.57797245365032)))",446,2986.79458342,218.95818255,04/01/2015 12:00:00 AM +0000,0,,Basketball,,,,Half,,,,,0,0
"MULTIPOLYGON (((-122.26977271723878 47.55873931237318, -122.26962060580448 47.55876239015644, -122.2696209531863 47.55875124466002, -122.26961874622964 47.558740197232936, -122.26961403819706 47.55872951448502, -122.26960694270988 47.55871945422512, -122.2696001727161 47.55871145461779, -122.2695954622719 47.55870280431937, -122.26959294255529 47.55869374422807, -122.26959268373554 47.55868452665423, -122.26959469301917 47.55867540829363, -122.26959891444952 47.558666643078986, -122.26960523046499 47.55865847510833, -122.26961346517326 47.558651131847235, -122.26962338924955 47.558644817794246, -122.2696347263231 47.558639708785996, -122.26964716067367 47.55863594710043, -122.26966034602374 47.55863363749464, -122.26967391518193 47.558632844287516, -122.26971976405491 47.55868758873027, -122.26977271723878 47.55873931237318)))",414,1243.15565443,144.4644936,04/01/2015 12:00:00 AM +0000,0,,Basketball,,,,Half,,,,,0,0
"MULTIPOLYGON (((-122.29620940906587 47.53974309397918, -122.29620553866636 47.53957717654544, -122.29662957654641 47.53957264074664, -122.2966334482704 47.539738557266716, -122.29620940906587 47.53974309397918)))",431,6340.43845796,330.55911786,04/01/2015 12:00:00 AM +0000,0,,Basketball,,,,Full,,,,,0,0
"MULTIPOLYGON (((-122.31807700855295 47.55972571991229, -122.31818194904348 47.55974164773582, -122.31814769754702 47.55987465733988, -122.31804177122167 47.55985888899281, -122.31800500442814 47.55981960934066, -122.31802310000971 47.55974905267024, -122.31807700855295 47.55972571991229)))",418,1748.4441867,161.46345092,04/01/2015 12:00:00 AM +0000,0,,Basketball,,,,Half,,,,,0,0
"MULTIPOLYGON (((-122.32185613063076 47.55218172139255, -122.32185597154738 47.552124116304526, -122.32196917406444 47.552123773521956, -122.32196955542736 47.55218161949345, -122.32185613063076 47.55218172139255)))",410,589.20278316,98.07696004,04/01/2015 12:00:00 AM +0000,0,,Basketball,,,,Half,,,,,0,0
"MULTIPOLYGON (((-122.3495372649424 47.65556291635934, -122.34953847174152 47.65572770083907, -122.34926336540398 47.655728619267855, -122.34926216080771 47.65556383476746, -122.3495372649424 47.65556291635934)))",241,4075.43279055,255.81901331,04/01/2015 12:00:00 AM +0000,0,,Basketball,,,,Full,,,,,0,0
"MULTIPOLYGON (((-122.31688311917641 47.690782820967506, -122.3169774868849 47.69063117456086, -122.31727566782648 47.69071571505158, -122.31725711682131 47.6907694693123, -122.31723322483822 47.69082225358423, -122.31720410122915 47.69087382624196, -122.3168923768593 47.690785446038085, -122.31688310516775 47.69078284363993, -122.31688311917641 47.690782820967506)))",3881,5023.31501141,285.80936319,06/10/2015 12:00:00 AM +0000,0,,Basketball,,,,Full,,,,,0,0
"MULTIPOLYGON (((-122.38426886626867 47.57847647035138, -122.38426372814826 47.578479521769474, -122.38418164724509 47.57852825990169, -122.38409994169919 47.57846578090521, -122.38419142202763 47.57841091867453, -122.3842126554263 47.57839818464627, -122.38429979958275 47.578458102835505, -122.38426886626867 47.57847647035138)))",456,1159.52956979,137.06825695,04/01/2015 12:00:00 AM +0000,0,,Basketball,,,,Half,,,,,0,0
"MULTIPOLYGON (((-122.3142239126695 47.7164241637815, -122.31422128346105 47.71642515515839, -122.31421893357808 47.716426426468566, -122.31421692780833 47.71642794266123, -122.31421532145228 47.71642966193396, -122.31421415879812 47.71643153688533, -122.31421347190106 47.716433515821755, -122.31421327969937 47.716435544182644, -122.31421359044208 47.716437576714874, -122.31421439785716 47.71643954604535, -122.3142156794461 47.71644139729886, -122.31424508791493 47.71647988256148, -122.31424835340765 47.71648518837492, -122.31425040924812 47.7164907636071, -122.31425120940936 47.716496483438426, -122.31425086530808 47.71650150443797, -122.3142495522953 47.716506452084595, -122.31424729287049 47.71651124159565, -122.3142441257508 47.71651579089823, -122.31423091609369 47.71653180172305, -122.31422830588433 47.71653502132878, -122.31422643043067 47.716538466162596, -122.3142253310323 47.71654206036571, -122.31422503189933 47.716545724789995, -122.3142256738795 47.71654988257163, -122.31422734435799 47.71655390798904, -122.31422999560792 47.716557686032395, -122.31423355188089 47.71656110875957, -122.31423791157108 47.71656407838011, -122.31424295011823 47.716566510049226, -122.3142485235665 47.71656833429185, -122.31417368547746 47.716568888857616, -122.31417245536238 47.71656889853643, -122.31409639512617 47.7165694617272, -122.31409620206442 47.71656170968259, -122.31409614000128 47.71655920600221, -122.31409603700693 47.71655503319583, -122.31409275175542 47.71642285535302, -122.3141224116127 47.71642275893495, -122.3142239126695 47.7164241637815)))",382,1822.46039217,182.82156772,04/01/2015 12:00:00 AM +0000,0,,Basketball,,,,Half,,,,,0,0
"MULTIPOLYGON (((-122.26013719410031 47.514820239752325, -122.260137360006 47.51501706306922, -122.25993186596243 47.51501714254175, -122.25993170083251 47.514820319224555, -122.26013719410031 47.514820239752325)))",439,3645.82665393,245.15129055,04/01/2015 12:00:00 AM +0000,0,,Basketball,,,,Full,,,,,0,0
"MULTIPOLYGON (((-122.31913148443029 47.659389232943944, -122.31909910228407 47.659351319673995, -122.31919518827581 47.65931386164641, -122.31922734341161 47.65935193708112, -122.31913167618202 47.6593892331413, -122.31913148443029 47.659389232943944)))",595,436.5206016,86.5616604,04/01/2015 12:00:00 AM +0000,0,,Basketball,,,,Half,,,,,0,0
"MULTIPOLYGON (((-122.28618119286963 47.537873852866504, -122.28642741434976 47.53787253244767, -122.28642892793528 47.53789903594387, -122.28645598727721 47.53813926853859, -122.28625511440707 47.53815117228088, -122.28621723079159 47.538126973496055, -122.28618338107556 47.53791226381503, -122.28618119286963 47.537873852866504)))",429,5924.55171487,313.84130259,04/01/2015 12:00:00 AM +0000,0,,Basketball,,,,Full,,,,,0,0
"MULTIPOLYGON (((-122.29576198537913 47.60510230518721, -122.29576743491424 47.60490454003405, -122.29609401949568 47.60490530486635, -122.29608986290427 47.605105534524355, -122.29576198537913 47.60510230518721)))",345,5860.51794382,306.65397246,04/01/2015 12:00:00 AM +0000,0,,Basketball,,,,Full,,,,,0,0
"MULTIPOLYGON (((-122.25775279564621 47.681675479927755, -122.25749627586283 47.681678790723254, -122.25749513604293 47.68165557488225, -122.25748969125053 47.68154469122348, -122.25774580556673 47.68153953954643, -122.25775279564621 47.681675479927755)))",398,3112.1964198,224.87425052,04/01/2015 12:00:00 AM +0000,0,,Basketball,,,,Full,,,,,0,0
"MULTIPOLYGON (((-122.31340165563427 47.66504948421188, -122.3134019837752 47.66502756834321, -122.31356185901508 47.66502865927607, -122.3135615309416 47.66505057514518, -122.31355831240377 47.66505944947363, -122.31355294775862 47.66506783683989, -122.31354558730672 47.66507550225469, -122.31353643726541 47.66508223095568, -122.31352575399144 47.66508783442434, -122.31351383679853 47.66509215566782, -122.3135010195715 47.66509507361748, -122.31348766141168 47.66509650652082, -122.31347413657593 47.66509641423206, -122.31346082399095 47.66509479933687, -122.31344809663669 47.6650917070799, -122.31343631109654 47.66508722409724, -122.31342579756668 47.66508147598899, -122.31341685060515 47.66507462380037, -122.31340972087887 47.66506685950964, -122.31340460814096 47.66505840064938, -122.31340165563427 47.66504948421188)))",4471,822.47241812,112.10931585,04/01/2015 12:00:00 AM +0000,0,,Basketball,,,,Half,,,,,0,0
"MULTIPOLYGON (((-122.28468196050949 47.519486457696175, -122.2844808903068 47.51948827364805, -122.2844807677786 47.519284289644396, -122.28468407904808 47.519283197111946, -122.28468196050949 47.519486457696175)))",436,3710.69243286,248.47816463,04/01/2015 12:00:00 AM +0000,0,,Basketball,,,,Full,,,,,0,0
"MULTIPOLYGON (((-122.31974825022522 47.61607054688177, -122.3199952332742 47.61606635803635, -122.31999804208048 47.61632045340218, -122.31998546054517 47.616321781852236, -122.31997296893715 47.616326210963415, -122.3199634055235 47.61633142585897, -122.3199058580564 47.61633279834023, -122.31988423536414 47.616333080794206, -122.31983137329681 47.61633350412354, -122.31979653732688 47.61633395915573, -122.31975620092567 47.61633431149865, -122.31974825022522 47.61607054688177)))",3102,5796.0462668,310.62226215,04/01/2015 12:00:00 AM +0000,0,,Basketball,,,,Full,,,,,0,0
"MULTIPOLYGON (((-122.28371267007847 47.6674194972259, -122.28397883143522 47.66741626100092, -122.28398145573959 47.6675147287716, -122.28371529252239 47.66751796412036, -122.28371267007847 47.6674194972259)))",496,2356.28985947,203.03050772,04/01/2015 12:00:00 AM +0000,0,,Basketball,,,,Full,,,,,0,0
"MULTIPOLYGON (((-122.31098612267316 47.67271767273658, -122.31099897405531 47.67306254086876, -122.31076309347918 47.67306655008702, -122.31073072388706 47.67298643037928, -122.31072362023855 47.672795762091184, -122.31075024499256 47.672721681911085, -122.31098612267316 47.67271767273658)))",391,8022.22906032,369.77144015,04/01/2015 12:00:00 AM +0000,0,,Basketball,,,,Full,,,,,0,0
"MULTIPOLYGON (((-122.3501169677836 47.69275267798292, -122.35011619589828 47.69271159050631, -122.35009803801282 47.692711745803486, -122.35009753047113 47.6926847777746, -122.35011579090471 47.692684621112534, -122.35011523626154 47.69265508172756, -122.35012237319181 47.69265500473494, -122.35012219105116 47.692647351484176, -122.35015740942148 47.6926469691217, -122.35015728938085 47.692642857705756, -122.35021808366925 47.69264219699815, -122.35021820371468 47.692646308414055, -122.35025941212811 47.692645860687406, -122.35025936267094 47.692641748331994, -122.35031538303048 47.69264113941915, -122.35031561496452 47.69264524934575, -122.35033687252752 47.69264501856915, -122.3503389335622 47.69264605987095, -122.35033964045482 47.69268281659474, -122.35035747195735 47.692682663804185, -122.35035796441242 47.69270883677994, -122.35034052453707 47.692708986156745, -122.3503413001257 47.69275024001262, -122.3501169677836 47.69275267798292)))",4408,2242.95542505,210.53679599,04/01/2015 12:00:00 AM +0000,0,,Basketball,,,,Full,,,,,0,0
"MULTIPOLYGON (((-122.32025338043539 47.644064067025575, -122.3202526629163 47.644071001803155, -122.32025017656849 47.64407774739311, -122.32024599674858 47.64408409934741, -122.32024025013966 47.64408986514832, -122.32023311091196 47.6440948700435, -122.32022479544392 47.64409896234242, -122.32021555576421 47.64410201801385, -122.32020567191306 47.64410394444512, -122.32019544345472 47.64410468324906, -122.32018518039793 47.64410421203372, -122.32017519380011 47.644102545080834, -122.32016578633959 47.6440997329132, -122.32015724314186 47.6440958607633, -122.32014982313771 47.64409104598993, -122.32014375121554 47.64408543452139, -122.32013921140533 47.64407919643246, -122.32013634130098 47.64407252078976, -122.32013522789012 47.644065609921405, -122.32013594542481 47.64405867514458, -122.32013843178652 47.6440519295571, -122.32014261161697 47.64404557760676, -122.32014835823183 47.64403981181077, -122.32015549746012 47.64403480692087, -122.32016381292335 47.64403071462702, -122.32017305259345 47.644027658959786, -122.32018293643128 47.64402573253135, -122.32019316487431 47.64402499372851, -122.32020342791553 47.644025464943155, -122.32021341449945 47.64402713189356, -122.32022282194939 47.644029944057245, -122.32023136514118 47.644033816202246, -122.32023878514472 47.64403863097031, -122.3202448570717 47.644044242433786, -122.32024939689151 47.644050480518516, -122.32025226700917 47.64405715615837, -122.32025338043539 47.644064067025575)))",379,664.82437421,91.40245759,04/01/2015 12:00:00 AM +0000,0,,Basketball,,,,Half,,,,,0,0
"MULTIPOLYGON (((-122.28611298330624 47.56233549015052, -122.28631725115527 47.56233498195108, -122.28631852175704 47.56256885220343, -122.28611425301598 47.56256936130437, -122.28611298330624 47.56233549015052)))",423,4302.3668556,271.48259867,04/01/2015 12:00:00 AM +0000,0,,Basketball,,,,Full,,,,,0,0
"MULTIPOLYGON (((-122.2744988759043 47.69718007246565, -122.27453826115988 47.69723875952965, -122.27445580485347 47.69726427911628, -122.27444535511178 47.69726739878483, -122.27444502735561 47.69726749648643, -122.2743700763683 47.69728986789969, -122.2743332806863 47.69723210520647, -122.27434088982011 47.69721919349001, -122.27435159188856 47.697207323358114, -122.27436508512386 47.69719682951244, -122.2743809890565 47.69718800784734, -122.27439885524336 47.69718110710663, -122.27441817991244 47.69717632186992, -122.27443841816756 47.69717378706606, -122.27445899935267 47.69717357416868, -122.27447934314219 47.697175689180796, -122.2744988759043 47.69718007246565)))",347,1365.91056462,142.60495994,04/01/2015 12:00:00 AM +0000,0,,Basketball,,,,Half,,,,,0,0
"MULTIPOLYGON (((-122.36317283867056 47.561424171891076, -122.3631777076833 47.56123202407371, -122.36337582137394 47.56123343573656, -122.36337249925968 47.56142668457276, -122.36317283867056 47.561424171891076)))",450,3452.31043197,238.81556481,04/01/2015 12:00:00 AM +0000,0,,Basketball,,,,Full,,,,,0,0
"MULTIPOLYGON (((-122.30862983733016 47.56933707821244, -122.30867252641589 47.56933040698985, -122.30870667804166 47.56944282892222, -122.30872029929412 47.569493039830654, -122.308633767459 47.569504801366044, -122.30830959194121 47.56955018028202, -122.30826067736723 47.569389198472706, -122.30862983733016 47.56933707821244)))",114,6237.15511209,327.85225325,04/01/2015 12:00:00 AM +0000,0,,Basketball,,,,Full,,,,,0,0
"MULTIPOLYGON (((-122.38329032593319 47.684571390588154, -122.38331892844947 47.68455462219535, -122.38350308527332 47.68455235636385, -122.3835049750535 47.68462235237338, -122.38329177117681 47.684624975527434, -122.38329032593319 47.684571390588154)))",289,1319.85239122,152.30758154,04/01/2015 12:00:00 AM +0000,0,,Basketball,,,,Half,,,,,0,0
"MULTIPOLYGON (((-122.3495267308595 47.53972566006852, -122.34977801062624 47.5396791543743, -122.34983743523973 47.53982740641847, -122.34958803612346 47.5398723640972, -122.3495267308595 47.53972566006852)))",463,3575.09159535,239.737543,04/01/2015 12:00:00 AM +0000,0,,Basketball,,,,Full,,,,,0,0
"MULTIPOLYGON (((-122.2770512490814 47.53675887296209, -122.27705088629588 47.53674314183702, -122.27709247233214 47.53674270161047, -122.27736743104575 47.53673979237361, -122.27739561458041 47.53673949447318, -122.27739647439755 47.53673945835731, -122.277396838035 47.536755216459675, -122.2773998086597 47.53688393250608, -122.27705421754969 47.536887589933706, -122.2770512490814 47.53675887296209)))",403,4499.00855183,276.15454873,04/01/2015 12:00:00 AM +0000,0,,Basketball,,,,Full,,,,,0,0
"MULTIPOLYGON (((-122.28618119286963 47.537873852866504, -122.2861828999641 47.537830496500696, -122.28620689677142 47.53764609772598, -122.28620884551542 47.53761217145527, -122.2862112204542 47.53761058748315, -122.28623084616203 47.53759421754625, -122.28623120601212 47.53759392597328, -122.28645944021818 47.537605177943895, -122.28642963488389 47.537846499368236, -122.28642741434976 47.53787253244767, -122.28618119286963 47.537873852866504)))",429,6111.27794668,319.57970681,04/01/2015 12:00:00 AM +0000,0,,Basketball,,,,Full,,,,,0,0
"MULTIPOLYGON (((-122.28436330749084 47.519551901058946, -122.2843642357419 47.519552377682736, -122.28436495407189 47.51955275533358, -122.28436586679335 47.519553246549265, -122.28437319822972 47.51955793471201, -122.28437944177628 47.519563297155806, -122.28438446387867 47.519569219174016, -122.28438815710999 47.51957557409034, -122.2843919312822 47.51958835083876, -122.28439327761433 47.51960134891979, -122.28439217426701 47.5196143575038, -122.28423077820689 47.51960437623183, -122.28423127883454 47.51959247551672, -122.28423444233108 47.51958076442813, -122.28424019526884 47.5195695147847, -122.28424840411846 47.51955898769457, -122.2842587477004 47.519552571617275, -122.2842704885395 47.519547374909045, -122.28428331669902 47.519543534753346, -122.28429689353925 47.5195411525231, -122.2843108606569 47.51954029110475, -122.28432484934623 47.51954097323812, -122.28433849033198 47.519543180916195, -122.28435142351758 47.519546855860355, -122.28436330749084 47.519551901058946)))",436,844.18852081,113.70068457,04/01/2015 12:00:00 AM +0000,0,,Basketball,,,,Half,,,,,0,0
"MULTIPOLYGON (((-122.29588097246601 47.59971171133021, -122.2958835804217 47.59959205353067, -122.29610081643236 47.59959481197968, -122.29609670439012 47.599713985354015, -122.29588097246601 47.59971171133021)))",363,2327.25234758,193.97046563,04/01/2015 12:00:00 AM +0000,0,,Basketball,,,,Half,,,,,0,0
"MULTIPOLYGON (((-122.39155113369131 47.64023436705231, -122.39155302046329 47.64034500267975, -122.39152179599104 47.64034524650252, -122.39150776436352 47.64034359760769, -122.39149436404495 47.64034033737557, -122.39148199689467 47.64033556357664, -122.39147103378832 47.64032941937139, -122.39146180349572 47.640322089017126, -122.3914545828212 47.640313792342184, -122.39144958830295 47.640304778153606, -122.39144696971907 47.640295316775656, -122.39144680559632 47.64028569194309, -122.39144910085518 47.640276192292255, -122.39145378666251 47.640267102705394, -122.39146072249584 47.64025869576726, -122.39146970035779 47.64025122359074, -122.39148045101346 47.64024491025638, -122.39149265206471 47.64023994509254, -122.3915059376183 47.6402364769977, -122.39151990925849 47.64023460997527, -122.39155113369131 47.64023436705231)))",318,876.90993707,115.51747228,04/01/2015 12:00:00 AM +0000,0,,Basketball,,,,Half,,,,,0,0
"MULTIPOLYGON (((-122.28384219769819 47.67526886858901, -122.28407055923768 47.67526963312071, -122.2840778461516 47.675269818164125, -122.28408497518974 47.67527085373555, -122.2840917303928 47.67527270846452, -122.2840979071261 47.67527532616593, -122.28410331827838 47.67527862754201, -122.28416639583897 47.67532017184676, -122.284164344278 47.67531916232758, -122.28416207836581 47.67531838968099, -122.28415965751928 47.675317874167334, -122.28415714521797 47.675317629304466, -122.28415460733953 47.67531766151315, -122.2841521104323 47.675317969948836, -122.28414971997033 47.675318546523705, -122.28414749863641 47.67531937611877, -122.28414550467843 47.67532043698039, -122.28406495263148 47.67537425904876, -122.28405983384077 47.675376693464116, -122.28405421679042 47.675378560636624, -122.28404823815208 47.67537981513505, -122.28404204339529 47.675380426435474, -122.28403578324823 47.675380379664034, -122.28402961003006 47.67537967595872, -122.28402367394486 47.675378332441795, -122.28401811942689 47.675376381803126, -122.28401308162616 47.6753738715048, -122.28384219769819 47.67526886858901)))",482,1790.46992899,191.32308336,04/01/2015 12:00:00 AM +0000,0,,Basketball,,,,Half,,,,,0,0
"MULTIPOLYGON (((-122.3324563133079 47.66418107794248, -122.33263614588046 47.66409359114896, -122.33264583692294 47.66410419352663, -122.33265279029115 47.664115734963666, -122.33265681332365 47.66412789567721, -122.33265779455067 47.66414033872557, -122.33265570678272 47.66415271934413, -122.33265060786435 47.664164694497764, -122.3326426390716 47.66417593238549, -122.33263202119774 47.66418612163388, -122.33261904843587 47.66419497992452, -122.33260408022778 47.664202261816285, -122.33258753130443 47.6642077655461, -122.33256986019516 47.66421133861922, -122.33255155652257 47.66421288203463, -122.33253312743624 47.66421235302807, -122.33251508356072 47.66420976625704, -122.33249792484722 47.66420519339456, -122.33248212672092 47.66419876114336, -122.33246812690817 47.66419064772513, -122.3324563133079 47.66418107794248)))",1104,1189.65219904,141.06729442,04/01/2015 12:00:00 AM +0000,0,,Basketball,,,,Half,,,,,0,0
"MULTIPOLYGON (((-122.32833954893678 47.67993728411003, -122.32832301099252 47.680100688511644, -122.32800581816944 47.68008604725555, -122.3279708114914 47.680084600206065, -122.32791407113163 47.68008198087372, -122.32792203983185 47.68000352527544, -122.32792928700542 47.679922632215735, -122.32792992685458 47.679920478644, -122.3279311097091 47.67991843255437, -122.32793279976735 47.67991655587608, -122.32793494587607 47.67991490541082, -122.32793748307866 47.679913531113364, -122.32794033458131 47.67991247457976, -122.32794341407727 47.679911767788234, -122.32794662835906 47.679911432131334, -122.32794988013964 47.67991147776838, -122.32796180520064 47.67991175944741, -122.3280285432459 47.679914904313215, -122.32803702955712 47.679915303962716, -122.32821401271634 47.67992333025411, -122.32826012959873 47.679925983575586, -122.32830561719194 47.67993175684676, -122.32833954893678 47.67993728411003)))",307,6302.35020192,322.79882544,04/01/2015 12:00:00 AM +0000,0,,Basketball,,,,Full,,,,,0,0
"MULTIPOLYGON (((-122.30936237343373 47.64199681859215, -122.30912167050852 47.641998032522295, -122.30901559793398 47.641998567131324, -122.30901377210903 47.64183313785056, -122.30911984434618 47.64183260324325, -122.30936054650581 47.64183138931696, -122.30936237343373 47.64199681859215)))",376,5158.77607827,291.66576244,04/01/2015 12:00:00 AM +0000,0,,Basketball,,,,Full,,,,,0,0
"MULTIPOLYGON (((-122.33263614588046 47.66409359114896, -122.3324563133079 47.66418107794248, -122.33244788962128 47.66417152902148, -122.33244165199405 47.66416124272038, -122.33243773796272 47.66415044584907, -122.33243623382894 47.66413937647508, -122.33243622839116 47.6641391417494, -122.33243752640224 47.6641266150139, -122.33244190580038 47.66411441109477, -122.33244924335122 47.66410287339912, -122.3324593325811 47.66409232658686, -122.33247188958717 47.6640830674352, -122.33248656102627 47.66407535648767, -122.33250293405776 47.664069410722725, -122.3325205479603 47.66406539744827, -122.3325389070962 47.66406342959381, -122.33255749485782 47.664063562532796, -122.33257578820441 47.66406579252443, -122.33259327237953 47.66407005681903, -122.3326094553958 47.6640762354236, -122.33262388187875 47.664084154478395, -122.33263614588046 47.66409359114896)))",1104,1152.7449675,139.71561526,04/01/2015 12:00:00 AM +0000,0,,Basketball,,,,Half,,,,,0,0
"MULTIPOLYGON (((-122.2465592952779 47.51021751361769, -122.24689768451638 47.51011823191861, -122.24699653633796 47.510272694350085, -122.24665821695143 47.51037208521432, -122.2465592952779 47.51021751361769)))",3972,5598.64850462,305.13396136,04/01/2015 12:00:00 AM +0000,0,,Basketball,,,,Full,,,,,0,0
"MULTIPOLYGON (((-122.35836362942385 47.69550540768596, -122.3583671154318 47.69564258321252, -122.3582294723475 47.695644177475, -122.35822598800843 47.69550700102719, -122.35836362942385 47.69550540768596)))",250,1696.57327486,167.89133678,04/01/2015 12:00:00 AM +0000,0,,Basketball,,,,Half,,,,,0,0
"MULTIPOLYGON (((-122.38735863334254 47.643708951961976, -122.3873261808353 47.6437088839058, -122.38732858583774 47.64363109335486, -122.38733833223968 47.643620999538115, -122.38735019833763 47.6436120016227, -122.38736391841051 47.64360430110089, -122.38737918522116 47.64359807041202, -122.38740352159193 47.643597788624746, -122.38741126266278 47.643601587697376, -122.38741802603117 47.64360616039214, -122.38742364422421 47.643611393481265, -122.38742797812537 47.64361715738444, -122.38743092041936 47.643623309377496, -122.38743239824936 47.64362969712635, -122.38743068227538 47.64370938007292, -122.38735863334254 47.643708951961976)))",303,953.46623818,120.97823585,04/01/2015 12:00:00 AM +0000,0,,Basketball,,,,Half,,,,,0,0
"MULTIPOLYGON (((-122.28016177716755 47.680031125544495, -122.28002265558455 47.68009022495362, -122.28001453165997 47.68008241001726, -122.28000849123254 47.680073776804896, -122.28000470982654 47.680064576184265, -122.28000329732254 47.68005507551095, -122.28000429476435 47.68004555085946, -122.28000767316662 47.68003627900092, -122.28001333435719 47.68002752936056, -122.28002111382997 47.68001955618863, -122.2800307855254 47.68001259117241, -122.28004206839937 47.680006836703704, -122.28005463458986 47.680002459997795, -122.28006811894421 47.6799995882344, -122.28008212962963 47.679998304862146, -122.28009625951921 47.67999864717365, -122.28011009802223 47.68000060522193, -122.28012324301501 47.68000412210938, -122.28013531252601 47.6800090956412, -122.2801459558351 47.680015381294844, -122.28015486366479 47.68002279641972, -122.28016177716755 47.680031125544495)))",444,768.55191076,110.23063242,04/01/2015 12:00:00 AM +0000,0,,Basketball,,,,Half,,,,,0,0
"MULTIPOLYGON (((-122.39761665829893 47.67742542102642, -122.39761686505238 47.67743392680302, -122.39761651143867 47.67744324871228, -122.39761382513791 47.67745239549445, -122.39760888376973 47.6774611028526, -122.39760183011437 47.67746911918688, -122.39759286798693 47.67747621286444, -122.39758225634841 47.67748217891271, -122.39757030182291 47.67748684494196, -122.39755734983777 47.67749007612665, -122.3975437746422 47.67749177910125, -122.39752996849344 47.67749190465808, -122.39751633032215 47.677490449169134, -122.39750325420525 47.67748745469099, -122.39749111797883 47.67748300774951, -122.3974802723205 47.67747723683966, -122.39747103061644 47.67747030871262, -122.39746365990612 47.67746242355741, -122.39745837316605 47.677453809216416, -122.39745532315602 47.67744471460178, -122.39745459800507 47.677435402503114, -122.39745448434245 47.67742671372515, -122.39761665829893 47.67742542102642)))",3894,791.1353637,110.93192664,04/01/2015 12:00:00 AM +0000,0,,Basketball,,,,Half,,,,,0,0
"MULTIPOLYGON (((-122.35973073227228 47.628995592815144, -122.35982808666786 47.62904694616185, -122.35977078433716 47.62909658881214, -122.35967342854855 47.629045234535056, -122.35973073227228 47.628995592815144)))",342,699.3688871,106.83504331,04/01/2015 12:00:00 AM +0000,0,,Basketball,,,,Half,,,,,0,0
"MULTIPOLYGON (((-122.30802787326384 47.60048095397397, -122.30776635974905 47.60048138205016, -122.30776546601713 47.60021805213673, -122.30802697897333 47.60021765104077, -122.30802787326384 47.60048095397397)))",390,6197.01955807,321.136129,04/01/2015 12:00:00 AM +0000,0,,Basketball,,,,Full,,,,,0,0
"MULTIPOLYGON (((-122.32832301099252 47.680100688511644, -122.32833954893678 47.67993728411003, -122.32850496643387 47.679964228359744, -122.32851853865981 47.679965716571004, -122.32853225269909 47.67996638738865, -122.32852969549243 47.679969830819246, -122.32852783772198 47.67997347300942, -122.32852671226512 47.67997724950269, -122.32852633903947 47.67998109346571, -122.32850566626259 47.68010808937794, -122.32832301099252 47.680100688511644)))",307,2568.89584941,205.73995599,04/01/2015 12:00:00 AM +0000,0,,Basketball,,,,Half,,,,,0,0
"MULTIPOLYGON (((-122.28772115228972 47.72604665669303, -122.28772658496763 47.725942505325136, -122.28787118464011 47.72594593995053, -122.28786575091902 47.726050091342245, -122.28772115228972 47.72604665669303)))",4167,1353.72331033,147.25013335,04/01/2015 12:00:00 AM +0000,0,,Basketball,,,,Half,,,,,0,0
"MULTIPOLYGON (((-122.39740367980062 47.67742711880232, -122.39740388649214 47.67743562368007, -122.39740353284006 47.67744494558859, -122.3974008465016 47.67745409236562, -122.3973959050975 47.677462799714455, -122.39738885140899 47.67747081603542, -122.3973798892522 47.67747790969614, -122.39736927758894 47.677483875724484, -122.397357323044 47.677488541731314, -122.39734437104529 47.67749177289175, -122.39733079584244 47.677493475840954, -122.39731698969281 47.67749360137197, -122.39730335152716 47.67749214585756, -122.39729027542218 47.67748915135502, -122.39727813921367 47.67748470439093, -122.39726729357866 47.6774789334609, -122.39725805190272 47.67747200531667, -122.39725068122445 47.6774641201478, -122.3972453945194 47.67745550579704, -122.39724234454641 47.67744641117682, -122.39724161943343 47.677437099076876, -122.39724150583353 47.677428411197916, -122.39740367980062 47.67742711880232)))",3894,791.12223814,110.93126996,04/01/2015 12:00:00 AM +0000,0,,Basketball,,,,Half,,,,,0,0
"MULTIPOLYGON (((-122.2988754292004 47.71809920502088, -122.29911469885118 47.7181050993471, -122.29911100868192 47.71819821904361, -122.29911083252858 47.718202108878046, -122.2991097361302 47.718205929547764, -122.29910774775166 47.71820958255612, -122.29910491865309 47.71821297372878, -122.29910132176833 47.71821601564146, -122.29909704982475 47.718218629873824, -122.29909221295284 47.71822074903104, -122.29908693584689 47.71822231848134, -122.29908135455045 47.71822329776434, -122.29890502503704 47.71822173739641, -122.29889999667817 47.71822141844531, -122.2988951107917 47.71822055532432, -122.29889049581799 47.71821917072322, -122.29888627307552 47.71821730104039, -122.29888255357183 47.71821499542612, -122.29887943508524 47.71821231449045, -122.29887699959451 47.71820932870989, -122.2988753111237 47.71820611657464, -122.29887441405918 47.71820276252537, -122.2988754292004 47.71809920502088)))",4002,2540.91549637,198.09018619,04/01/2015 12:00:00 AM +0000,0,,Basketball,,,,Full,,,,,0,0
"MULTIPOLYGON (((-122.33205470119114 47.621860208692446, -122.33205412423565 47.62185807105404, -122.33205300701823 47.621856033623104, -122.33205138348346 47.62185415830309, -122.33204930295935 47.62185250207191, -122.3320468286586 47.62185111525098, -122.33204403575813 47.62185003997615, -122.33204100911479 47.62184930891759, -122.33203784068728 47.621848944287045, -122.33203462674207 47.62184895716314, -122.33202632190104 47.62184921765632, -122.3320243682211 47.621790269618955, -122.33210732689854 47.62178327642158, -122.3321892550214 47.621772025870655, -122.33222582417218 47.62176569681773, -122.33222818243678 47.62185955329158, -122.33221027144867 47.62185975229132, -122.33221084541152 47.62188332164439, -122.33212675767703 47.621883291919154, -122.33212476040431 47.621883291232905, -122.33205517917976 47.62188326653297, -122.33205470119114 47.621860208692446)))",350,1751.78578216,175.31438789,04/01/2015 12:00:00 AM +0000,0,,Basketball,,,,Half,,,,,0,0
"MULTIPOLYGON (((-122.39130993474177 47.64013168362185, -122.39146538379731 47.640166390377544, -122.39145558961857 47.6401864294254, -122.3914487272878 47.640194863740135, -122.39143981485815 47.640202371462735, -122.39142911959551 47.64020872745098, -122.3914169622299 47.64021374110088, -122.39140370733725 47.640217262062556, -122.39138975240667 47.64021918474901, -122.39137551592017 47.64021945150252, -122.39136142480324 47.64021805432362, -122.39134790162197 47.640215035111105, -122.3913353519109 47.640210484405436, -122.39132415201185 47.6402045386737, -122.391314637788 47.640197376217074, -122.39130709455199 47.64018921182394, -122.39130174850999 47.64018029032876, -122.39129875997824 47.64017087926985, -122.39129821857573 47.640161260866485, -122.39130014053664 47.64015172355562, -122.39130993474177 47.64013168362185)))",318,876.89956864,115.51726772,04/01/2015 12:00:00 AM +0000,0,,Basketball,,,,Half,,,,,0,0
"MULTIPOLYGON (((-122.3219788123034 47.552181627796976, -122.32197826597766 47.55212372911, -122.32209854681905 47.55212314145786, -122.32209913289009 47.552181728723696, -122.3219788123034 47.552181627796976)))",410,631.14758757,101.90642177,04/01/2015 12:00:00 AM +0000,0,,Basketball,,,,Half,,,,,0,0
"MULTIPOLYGON (((-122.36149507562949 47.66014388857304, -122.3615078569852 47.66013077344911, -122.36161636169047 47.66012937963185, -122.36163583571232 47.66015467543295, -122.36164276713906 47.66016469465449, -122.36164728183958 47.66017532528286, -122.36164926761964 47.66018630314119, -122.3616486751299 47.6601973554236, -122.36164551909242 47.660208207474504, -122.361639877935 47.66021858961409, -122.36163189184245 47.660228243839896, -122.36162794674144 47.66023245638784, -122.36162465792412 47.6602369187182, -122.36162269455444 47.660240570001775, -122.36162146492244 47.660244364889365, -122.36162099072975 47.66024823640585, -122.36162128034553 47.66025211622361, -122.36150297599809 47.66025332576224, -122.36149507562949 47.66014388857304)))",248,1514.38562945,149.57410489,04/01/2015 12:00:00 AM +0000,0,,Basketball,,,,Half,,,,,0,0
"MULTIPOLYGON (((-122.27713701544211 47.535790572575024, -122.27713632124029 47.53600907349556, -122.27693136145714 47.53600877466091, -122.27693205784624 47.535790273724714, -122.27713701544211 47.535790572575024)))",403,4035.22454017,260.66114223,04/01/2015 12:00:00 AM +0000,0,,Basketball,,,,Full,,,,,0,0
"MULTIPOLYGON (((-122.36966653970771 47.53350888936061, -122.36966931097615 47.533184490467484, -122.36991274188766 47.53318563006452, -122.36991165179332 47.53351018437212, -122.36966653970771 47.53350888936061)))",458,7142.27212826,357.40648755,04/01/2015 12:00:00 AM +0000,0,,Basketball,,,,Full,,,,,0,0
"MULTIPOLYGON (((-122.40413853002771 47.692009710284005, -122.40407228355588 47.692091489470805, -122.40392449284805 47.692045981298335, -122.40396303084414 47.69202279680772, -122.40398723426455 47.692012438580704, -122.40401316244888 47.69200419982468, -122.40404460694447 47.69200071340875, -122.40407647071036 47.69200047856963, -122.40410802043344 47.692003500711934, -122.40413853002771 47.692009710284005)))",243,1008.74347208,132.26274846,04/01/2015 12:00:00 AM +0000,0,,Basketball,,,,Half,,,,,0,0
"MULTIPOLYGON (((-122.29578496442662 47.587084447378984, -122.2957831410036 47.5872225980891, -122.2956170445871 47.58722126749665, -122.29561959173202 47.58707587110905, -122.29578506461249 47.58707726908297, -122.29578496442662 47.587084447378984)))",401,2169.52372479,187.88191388,04/01/2015 12:00:00 AM +0000,0,,Basketball,,,,Full,,,,,0,0
"MULTIPOLYGON (((-122.28586841328479 47.56233545500501, -122.28607268111097 47.5623349463457, -122.28607395196836 47.56256881748306, -122.28586968319995 47.56256932524535, -122.28586841328479 47.56233545500501)))",423,4302.36660452,271.48258871,04/01/2015 12:00:00 AM +0000,0,,Basketball,,,,Full,,,,,0,0
"MULTIPOLYGON (((-122.2598918662916 47.514818325880704, -122.25989203124654 47.51501514829869, -122.25968653723476 47.51501522822667, -122.25968637303093 47.51481840490916, -122.2598918662916 47.514818325880704)))",439,3645.81811314,245.15095661,04/01/2015 12:00:00 AM +0000,0,,Basketball,,,,Full,,,,,0,0
"MULTIPOLYGON (((-122.30189878657659 47.5875068274692, -122.30150700854587 47.58750694025741, -122.30149029526712 47.58748486356103, -122.30147910328671 47.587461243675925, -122.3014737297396 47.58743670770058, -122.30147431728288 47.587411907054495, -122.30148085030916 47.58738750018312, -122.3014931553617 47.58736413507645, -122.30151090574061 47.587342432065306, -122.30190107849043 47.58734584032333, -122.30191810302361 47.58737140904984, -122.30192836179701 47.58739857975405, -122.30193154801267 47.58742653989978, -122.30192756637571 47.58745445334134, -122.30191653594554 47.58748148532838, -122.30189878657659 47.5875068274692)))",406,6396.24075443,317.82905759,04/01/2015 12:00:00 AM +0000,0,,Basketball,,,,Full,,,,,0,0
